<?xml version="1.0" encoding="UTF-8"?>
<project-private xmlns="http://www.netbeans.org/ns/project-private/1">
    <editor-bookmarks xmlns="http://www.netbeans.org/ns/editor-bookmarks/2" lastBookmarkId="0"/>
    <open-files xmlns="http://www.netbeans.org/ns/projectui-open-files/2">
        <group>
            <file>file:/E:/AluCiclesGS1/Dennis%20Molina/ACCD/Examen/Examen/src/examen/Examen.java</file>
            <file>file:/E:/AluCiclesGS1/Dennis%20Molina/ACCD/Examen/Examen/cuentas.txt</file>
            <file>file:/E:/AluCiclesGS1/Dennis%20Molina/ACCD/Examen/Examen/Jugadors.xml</file>
        </group>
    </open-files>
</project-private>
