<?xml version="1.0" encoding="UTF-8"?>
<project-private xmlns="http://www.netbeans.org/ns/project-private/1">
    <editor-bookmarks xmlns="http://www.netbeans.org/ns/editor-bookmarks/2" lastBookmarkId="0"/>
    <open-files xmlns="http://www.netbeans.org/ns/projectui-open-files/2">
        <group>
            <file>file:/E:/AluCiclesGS1/Dennis%20Molina/ACCD/DMM_RA1_p3/clash.xml</file>
            <file>file:/E:/AluCiclesGS1/Dennis%20Molina/ACCD/DMM_RA1_p3/src/dmm_ra1_p3/DMM_RA1_p3.java</file>
            <file>file:/E:/AluCiclesGS1/Dennis%20Molina/ACCD/DMM_RA1_p3/meteo2016.xml</file>
            <file>file:/E:/AluCiclesGS1/Dennis%20Molina/ACCD/DMM_RA1_p3/meteo2015.xml</file>
        </group>
    </open-files>
</project-private>
